{
  "accuracy": 0.7272727272727273,
  "classification_report": {
    "safe": {
      "precision": 0.6666666666666666,
      "recall": 0.5,
      "f1-score": 0.5714285714285714,
      "support": 4.0
    },
    "scam": {
      "precision": 0.8,
      "recall": 1.0,
      "f1-score": 0.8888888888888888,
      "support": 4.0
    },
    "suspicious": {
      "precision": 0.6666666666666666,
      "recall": 0.6666666666666666,
      "f1-score": 0.6666666666666666,
      "support": 3.0
    },
    "accuracy": 0.7272727272727273,
    "macro avg": {
      "precision": 0.7111111111111111,
      "recall": 0.7222222222222222,
      "f1-score": 0.708994708994709,
      "support": 11.0
    },
    "weighted avg": {
      "precision": 0.7151515151515152,
      "recall": 0.7272727272727273,
      "f1-score": 0.7128427128427128,
      "support": 11.0
    }
  },
  "train_size": 33,
  "test_size": 11,
  "model_type": "TF-IDF + Logistic Regression",
  "labels": [
    "safe",
    "scam",
    "suspicious"
  ]
}